<?xml version="1.0" encoding="UTF-8" ?>
<!DOCTYPE configuration PUBLIC "-//mybatis.org//DTD Config 3.0//EN" "http://mybatis.org/dtd/mybatis-3-config.dtd">
<configuration>
    <settings>
        <setting name="cacheEnabled" value="true"/>
        <setting name="lazyLoadingEnabled" value="false"/>
        <setting name="mapUnderscoreToCamelCase" value="true"/>
        <setting name="useColumnLabel" value="true"/>
        <setting name="defaultExecutorType" value="REUSE"/>
        <setting name="defaultStatementTimeout" value="25000"/>
        <setting name="jdbcTypeForNull" value="NULL"/>
        <!-- 打印查询语句 -->
        <!--        <setting name="logImpl" value="STDOUT_LOGGING" />-->
    </settings>
    <typeHandlers>
        <typeHandler handler="com.hellobike.rent.order.sync.web.config.mybatis.handler.JsonObjectTypeHandler"/>
        <typeHandler handler="com.hellobike.rent.order.sync.web.config.mybatis.handler.JsonArrayTypeHandler"/>
        <typeHandler handler="com.hellobike.rent.order.sync.web.config.mybatis.handler.ArrayIntegerTypeHandler"/>
        <typeHandler handler="com.hellobike.rent.order.sync.web.config.mybatis.handler.ArrayStringTypeHandler"/>
        <typeHandler handler="com.hellobike.rent.order.sync.web.config.mybatis.handler.LineStringTypeHandler"/>
        <typeHandler handler="com.hellobike.rent.order.sync.web.config.mybatis.handler.MultiPointTypeHandler"/>
        <typeHandler handler="com.hellobike.rent.order.sync.web.config.mybatis.handler.PointTypeHandler"/>
        <typeHandler handler="com.hellobike.rent.order.sync.web.config.mybatis.handler.PolygonTypeHandler"/>
    </typeHandlers>
    <plugins>
        <plugin interceptor="com.github.pagehelper.PageInterceptor">
            <!--配置数据库方言 -->
            <!-- 4.0.0以后版本可以不设置该参数 -->
            <!--<property name="dialect" value="mysql"/>-->
            <!--<property name="offsetAsPageNum" value="false"/>-->
            <!--<property name="rowBoundsWithCount" value="false"/>-->
            <!--<property name="pageSizeZero" value="true"/>-->
            <!--<property name="reasonable" value="false"/>-->
            <!--<property name="supportMethodsArguments" value="false"/>-->
            <!--<property name="returnPageInfo" value="none"/>-->
        </plugin>
    </plugins>
</configuration>
